Title,Link,Author
"Transparent Threat Protection Providing Enterprise Security &amp; User Convenience,","https://www.cshub.com/threat-defense/webinars/transparent-threat-protection-providing-enterprise-security-user-convenience,","  ,"
"14 Insights On The State Of Pen Test Strategy,","https://www.cshub.com/threat-defense/webinars/how-to-automate-cyber-defense-validation-and-reduce-risk,","  ,"
"The Future of Forensics on AI Systems,","https://www.cshub.com/threat-defense/articles/the-future-of-forensics-on-ai-systems,"," Seth Adler ,"
"Inside The Elite Israeli Military Unit 8200,","https://www.cshub.com/threat-defense/articles/inside-the-elite-israeli-military-unit-8200,"," Seth Adler ,"
"Cyber Security Is A Global Threat,","https://www.cshub.com/threat-defense/post-show-reports/cyber-security-is-a-global-threat,"," Seth Adler ,"
"Security And Privacy Considerations During COVID-19,","https://www.cshub.com/threat-defense/articles/security-and-privacy-considerations-during-covid-19,"," Esther Shein ,"
"Move Beyond Passwords,","https://www.cshub.com/threat-defense/whitepapers/move-beyond-passwords,"," Cyber Security Hub Editor ,"
"Free Resources And Advice For Keeping Remote Workers Secure,","https://www.cshub.com/security-strategy/articles/free-resources-and-advice-for-keeping-remote-workers-secure,"," Esther Shein ,"
"How The Coronavirus Pandemic Is Affecting The Cyber Security Industry,","https://www.cshub.com/attacks/articles/how-the-coronavirus-pandemic-is-affecting-the-cyber-security-industry,"," CSHub.com Editorial Staff ,"
"Monitoring And Preparing For Emerging Coronavirus-Related Cyber Security Threats,","https://www.cshub.com/threat-defense/articles/monitoring-and-preparing-for-emerging-coronavirus-related-cyber-security-threats,"," Esther Shein ,"
"NSA Shares Vulnerability Discovered In Microsoft Windows 10 And Server Platforms,","https://www.cshub.com/threat-defense/articles/nsa-shares-vulnerability-discovered-in-microsoft-windows-10-and-server-platforms,"," Jeff Orr ,"
"Cyber Insecurity: Managing Threats From Within,","https://www.cshub.com/threat-defense/whitepapers/cyber-insecurity-managing-threats-from-within,"," CSHub.com Editorial Staff ,"
"Incident Of The Week: Chinese Hackers Accused Of Freelancing For The Chinese Gov...,","https://www.cshub.com/attacks/articles/incident-of-the-week-chinese-hackers-accused-of-freelancing-for-the-chinese-government,"," Seth Adler ,"
"Data-centric vs. Device-centric,","https://www.cshub.com/attacks/articles/data-centric-vs-device-centric,"," Seth Adler ,"
"What Is The Most Cogent CISO Reporting Structure?,","https://www.cshub.com/executive-decisions/articles/what-is-the-most-cogent-ciso-reporting-structure,"," Seth Adler ,"
"Business Continuity Management For Governance, Risk Management &amp; Compliance,","https://www.cshub.com/executive-decisions/articles/business-continuity-management-for-governance-risk-management-compliance,"," Seth Adler ,"
"Incident Of The Week: The Infamous Twitter Attack And What Enterprises Can Learn...,","https://www.cshub.com/attacks/articles/incident-of-the-week-the-infamous-twitter-attack-and-what-enterprises-can-learn-from-it,"," Seth Adler ,"
"Adding Incident Response Containers To The Cyber Security Tool Belt,","https://www.cshub.com/executive-decisions/articles/adding-incident-response-containers-to-the-cyber-security-tool-belt,"," Seth Adler ,"
"Real-Time Top-Level Cyber Security Insight On Demand Now,","https://www.cshub.com/executive-decisions/articles/real-time-top-level-cyber-security-insight-on-demand-now,"," Seth Adler ,"
"Incident Of The Week: Alabama Hit By 2nd Ransomware Attack In As Many Months,","https://www.cshub.com/attacks/articles/incident-of-the-week-alabama-hit-by-2nd-ransomware-attack-in-as-many-months,"," Seth Adler ,"
"Understand The Data,","https://www.cshub.com/attacks/articles/understand-the-data,"," Seth Adler ,"
"Engaging In A Paradigm Shift On The Definition Of Secure [WATCH On Demand],","https://www.cshub.com/executive-decisions/articles/cshub-apac-session-engaging-in-a-paradigm-shift-on-the-definition-of-secure,"," Seth Adler ,"
"Always Be Testing, Always Be Assessing, Always Be Prepared [WATCH On Demand},","https://www.cshub.com/executive-decisions/articles/always-be-testing-always-be-assessing-always-be-prepared-1,"," Seth Adler ,"
"Adopting a Zero Trust Security Model [WATCH On Demand],","https://www.cshub.com/executive-decisions/articles/adopting-a-zero-trust-security-model,"," Seth Adler ,"
"Identify And Remediate The Highest Risk Vulnerabilities,","https://www.cshub.com/attacks/demos/identify-and-remediate-the-highest-risk-vulnerabilities,"," Seth Adler ,"
"Enable Secure Business With A Zero Trust Strategy [WATCH],","https://www.cshub.com/executive-decisions/demos/continuously-assessing-the-right-access-to-the-right-resources-for-the-right-people-in-the-right-context,"," Seth Adler ,"
"Providing Single Access For Remote Work While Securing The Enterprise,","https://www.cshub.com/executive-decisions/demos/providing-single-access-for-remote-work-while-securing-the-enterprise,"," Seth Adler ,"
"Building an insider threat program is easier than you thought,","https://www.cshub.com/attacks/webinars/building-an-insider-threat-program-is-easier-than-you-thought,","  ,"
"CISO Perspectives: Zero Trust, Secure Access, and What’s Next,","https://www.cshub.com/attacks/webinars/5-essentials-for-enabling-zero-trust-security,","  ,"
"Incident Of The Week: Chinese Hackers Accused Of Freelancing For The Chinese Gov...,","https://www.cshub.com/attacks/articles/incident-of-the-week-chinese-hackers-accused-of-freelancing-for-the-chinese-government,"," Seth Adler ,"
"Data-centric vs. Device-centric,","https://www.cshub.com/attacks/articles/data-centric-vs-device-centric,"," Seth Adler ,"
"Incident Of The Week: The Infamous Twitter Attack And What Enterprises Can Learn...,","https://www.cshub.com/attacks/articles/incident-of-the-week-the-infamous-twitter-attack-and-what-enterprises-can-learn-from-it,"," Seth Adler ,"
"Identify And Remediate The Highest Risk Vulnerabilities,","https://www.cshub.com/attacks/demos/identify-and-remediate-the-highest-risk-vulnerabilities,"," Seth Adler ,"
"Incident Of The Week: Alabama Hit By 2nd Ransomware Attack In As Many Months,","https://www.cshub.com/attacks/articles/incident-of-the-week-alabama-hit-by-2nd-ransomware-attack-in-as-many-months,"," Seth Adler ,"
"Understand The Data,","https://www.cshub.com/attacks/articles/understand-the-data,"," Seth Adler ,"
"Incidents Of Interest: An Overview Of Recent Cyber Attacks,","https://www.cshub.com/attacks/articles/incidents-of-interest-an-overview-of-recent-cyber-attacks,"," Seth Adler ,"
"IOTW: Online Fitness Organization V Shred Hesitantly Locks Down Some PII After E...,","https://www.cshub.com/attacks/articles/iotw-online-fitness-organization-v-shred-hesitantly-locks-down-some-pii-after-exposure,"," Seth Adler ,"
"IOTW: Twitter Leaves Confidential Information Vulnerable—Again,","https://www.cshub.com/attacks/articles/iotw-twitter-leaves-confidential-information-vulnerableagain,"," Seth Adler ,"
"IOTW: Hactivist Group Anonymous Leaks Police Department Intel,","https://www.cshub.com/attacks/articles/iotw-hactivist-group-anonymous-leaks-police-department-intel,"," Seth Adler ,"
"How To Keep Remote Workers Secure During COVID-19 And Other Crises,","https://www.cshub.com/executive-decisions/articles/how-to-keep-remote-workers-secure-during-covid-19-and-other-crises,"," Esther Shein ,"
"Incident Of The Week: Defense Electronics Manufacturer CPI Succumbs To Ransomwar...,","https://www.cshub.com/attacks/articles/incident-of-the-week-defense-electronics-manufacturer-cpi-succumbs-to-ransomware-demands,"," Jeff Orr ,"
"Malware Analysis Strives To Outpace Enterprise Digitalization,","https://www.cshub.com/malware/articles/malware-analysis-strives-to-outpace-enterprise-digitalization,"," Jeff Orr ,"
"Incident Of The Week: Wawa, Champagne French Bakery Café And Islands Restaurants...,","https://www.cshub.com/attacks/articles/incident-of-the-week-wawa-champagne-french-bakery-cafe-and-islands-restaurants-disclose-retail-malware,"," Jeff Orr ,"
"Incident Of The Week UPDATE: Hy-Vee Details Investigation Into 2019 Payment Card...,","https://www.cshub.com/malware/articles/incident-of-the-week-update-hy-vee-details-investigation-into-2019-payment-card-data-breach,"," Jeff Orr ,"
"Incident Of The Week: Apple iPhones Affected By Data Breach Discovered By Google...,","https://www.cshub.com/malware/articles/incident-of-the-week-apple-iphones-affected-by-data-breach-discovered-by-googles-project-zero-security-researchers,"," Kayla Matthews ,"
"Incident Of The Week: Russell Stover&#039;s Chocolates Latest To Disclose Retail Poin...,","https://www.cshub.com/malware/articles/incident-of-the-week-russell-stovers-chocolates-latest-to-disclose-retail-point-of-sale-machine-breach,"," Jeff Orr ,"
"Incident Of The Week: Malware Infects 25M Android Phones,","https://www.cshub.com/malware/articles/incident-of-the-week-malware-infects-25m-android-phones,"," Alarice Rajagopal ,"
"Incident Of The Week: Checkers Restaurants Details Data Breach,","https://www.cshub.com/malware/articles/incident-of-the-week-checkers-restaurants-details-data-breach,"," Alarice Rajagopal ,"
"Incident Of The Week: Cyber Attack Takes Weather Channel Offline,","https://www.cshub.com/attacks/articles/incident-of-the-week-cyber-attack-takes-weather-channel-offline,"," Alarice Rajagopal ,"
"Cryptocurrency ‘Fueling’ Ransomware Incidents,","https://www.cshub.com/malware/news/cryptocurrency-fuelling-ransomware-incidents,"," Richard de Silva ,"
"Securing The Enterprise From Mobile Malware,","https://www.cshub.com/mobile/reports/securing-the-enterprise-from-mobile-malware-1,"," CSHub.com Editorial Staff ,"
"Security Standards For 5G,","https://www.cshub.com/mobile/articles/security-standards-for-5g,"," Esther Shein ,"
"RSAC2020: IoT Is Officially Part Of Enterprise Mobility,","https://www.cshub.com/mobile/articles/rsac2020-iot-is-officially-part-of-enterprise-mobility,"," Jeff Orr ,"
"Email Phishing Overshadows Risk Of Mobile Malware,","https://www.cshub.com/mobile/articles/email-phishing-overshadows-risk-of-mobile-malware,"," Jeff Orr ,"
"Incident Of The Week: FaceApp Now Viral For Security Risks,","https://www.cshub.com/mobile/articles/incident-of-the-week-faceapp-now-viral-for-security-risks,"," Alarice Rajagopal ,"
"BYOD Rules And The Future Of Medical Data Security,","https://www.cshub.com/mobile/articles/byod-rules-and-the-future-of-medical-data-security,"," Bryan Fielding ,"
"Incident Of The Week: Group FaceTime Glitch Exposes Privacy Breach,","https://www.cshub.com/mobile/articles/incident-of-the-week-group-facetime-glitch-exposes-privacy-breach,"," Alarice Rajagopal ,"
"5 Reasons To Use Biometrics To Secure Mobile Devices,","https://www.cshub.com/mobile/articles/5-reasons-to-use-biometrics-to-secure-mobile-devices,"," CSHub.com Editorial Staff ,"
"7 Mobile Security Bloggers To Follow,","https://www.cshub.com/mobile/articles/7-mobile-security-bloggers-to-follow,"," CSHub.com Editorial Staff ,"
"11 Ways To Boost Your Mobile Device Security Now,","https://www.cshub.com/mobile/articles/11-ways-to-boost-your-mobile-device-security-now,"," CSHub.com Editorial Staff ,"
"Securing The Enterprise From Mobile Malware,","https://www.cshub.com/mobile/reports/securing-the-enterprise-from-mobile-malware-1,"," CSHub.com Editorial Staff ,"
"How Blockchain Will Enable Mobile Apps In The Enterprise,","https://www.cshub.com/mobile/articles/how-blockchain-will-enable-mobile-apps-in-the-enterprise,"," Esther Shein ,"
"Palo Alto Networks CSO Talks Risk Metrics, Algorithms &amp; Automation,","https://www.cshub.com/network/news/palo-alto-networks-cso-talks-risk-metrics-bayes,"," Dan Gunderman ,"
"Identity Access, Endpoint Security &amp; User Productivity,","https://www.cshub.com/security-strategy/articles/identity-access-endpoint-security-user-productivity,"," Seth Adler ,"
"Reducing Threat Impact With CIS Controls,","https://www.cshub.com/security-strategy/articles/reducing-threat-impact-with-cis-controls,"," Seth Adler ,"
"Detecting And Responding At The Speed Of Business,","https://www.cshub.com/security-strategy/articles/detecting-and-responding-at-the-speed-of-business,"," Seth Adler ,"
"What Is The Current State Of Cyber Security,","https://www.cshub.com/security-strategy/articles/what-is-the-current-state-of-cyber-security,"," Seth Adler ,"
"Best Practices For Thriving In An Ambiguous World,","https://www.cshub.com/security-strategy/articles/best-practices-for-thriving-in-an-ambiguous-world,"," Seth Adler ,"
"Patchwork of Privilege,","https://www.cshub.com/security-strategy/articles/patchwork-of-privilege,"," Seth Adler ,"
"Implementing A Layered Approach To Phishing And Whaling,","https://www.cshub.com/security-strategy/articles/implementing-a-layered-approach-to-phishing-and-whaling,"," Seth Adler ,"
"Protecting People from the #1 Threat Vector,","https://www.cshub.com/security-strategy/webinars/business-email-compromise-how-to-solve-the-26-billion-problem,","  ,"
"Enable Secure Velocity At Scale: DevOps Automation With Identity,","https://www.cshub.com/security-strategy/articles/enable-secure-velocity-at-scale-devops-automation-with-identity,"," Seth Adler ,"
"Scaling Enterprise Threat Detection And Response Is The Theme Of Cyber Security...,","https://www.cshub.com/security-strategy/articles/scaling-enterprise-threat-detection-and-response-is-the-theme-of-cyber-security-hubs-digital-summit-may-5-7,"," Esther Shein ,"
"A CISO&#039;s Take on Continuous Security Validation,","https://www.cshub.com/security-strategy/webinars/continuous-security-validation-past-present-and-future,","  ,"
"Free Resources And Advice For Keeping Remote Workers Secure,","https://www.cshub.com/security-strategy/articles/free-resources-and-advice-for-keeping-remote-workers-secure,"," Esther Shein ,"
"Incident Of The Week: Australian Government Directory Breached In First Cyberatt...,","https://www.cshub.com/attacks/news/incident-of-the-week-australian-government-directory-breached-in-first-cyberattack-of-2019,"," Esther Shein ,"
"Incident Of The Week: NASA Reveals Employee Data Breach In Memo,","https://www.cshub.com/attacks/news/incident-of-the-week-nasa-reveals-employee-data-breach-in-memo,"," Esther Shein ,"
"2018 Cyber Breaches Review: Facebook Tops The List,","https://www.cshub.com/attacks/news/2018-cyber-breaches-review-facebook-tops-the-list,"," Esther Shein ,"
"Incident Of  The Week: Facebook Exposes Photos Of 6.8 Million Users In Second Da...,","https://www.cshub.com/attacks/news/incident-of-the-week-facebook-exposes-photos-of-68-million-users-in-second-data-breach-since-september,"," Esther Shein ,"
"Cyber Security Failures Increasing Global Risk, Says GAO,","https://www.cshub.com/executive-decisions/news/cybersecurity-failures-increasing-global-risk-says-gao,"," CSHub.com Editorial Staff ,"
"Incident Of  The Week: Shamoon Virus Cripples Hundreds Of Computers,","https://www.cshub.com/attacks/news/incident-of-the-week-shamoon-virus-cripples-hundreds-of-computers,"," Esther Shein ,"
"Commercial sector making increasing use of unidirectional networks,","https://www.cshub.com/network/news/commercial-sector-making-increasing-use-of-unidirectional-networks,"," CSHub.com Editorial Staff ,"
"Sources: China May Have Sponsored Massive Cyberattack on Marriott,","https://www.cshub.com/attacks/news/sources-china-may-have-sponsored-massive-cyberattack-on-marriott,"," Esther Shein ,"
"The Aftermath Of The Massive Marriott Data Breach,","https://www.cshub.com/attacks/news/the-aftermath-of-the-massive-marriott-data-breach,"," Esther Shein ,"
"Cryptocurrency ‘Fueling’ Ransomware Incidents,","https://www.cshub.com/malware/news/cryptocurrency-fuelling-ransomware-incidents,"," Richard de Silva ,"
"Incident Of The Week: UK-Based Vision Direct Discloses Data Breach,","https://www.cshub.com/attacks/news/incident-of-the-week-uk-based-vision-direct-discloses-data-breach,"," Esther Shein ,"
"Incident Of The Week: May Eye Care And Health First Both Report Breaches Of Cust...,","https://www.cshub.com/attacks/news/incident-of-the-week-may-eye-care-and-health-first-both-report-breaches-of-customer-information,"," Esther Shein ,"
"Engaging Zero Trust Architecture,","https://www.cshub.com/executive-decisions/whitepapers/an-introduction-to-software-defined-perimeters-sdp-and-zero-trust-network-access-ztna,"," Seth Adler ,"
"Secure Cyber AI To Protect Your Dynamic Workforce,","https://www.cshub.com/attacks/whitepapers/secure-cyber-ai-to-protect-your-dynamic-workforce,"," Seth Adler ,"
"2020 Cyberthreat Defense Report,","https://www.cshub.com/executive-decisions/whitepapers/2020-cyberthreat-defense-report,"," Seth Adler ,"
"The State Of Zero Trust In Global Organizations,","https://www.cshub.com/executive-decisions/whitepapers/the-state-of-zero-trust-in-global-organisations,"," Seth Adler ,"
"Move Beyond Passwords,","https://www.cshub.com/threat-defense/whitepapers/move-beyond-passwords,"," Cyber Security Hub Editor ,"
"AI-Driven Cyber Attacks Are Not Years Away,","https://www.cshub.com/attacks/whitepapers/ai-driven-cyber-attacks-are-not-years-away,"," CSHub.com Editorial Staff ,"
"The Role Of Human Factors In Enterprise Cyber Security,","https://www.cshub.com/data/whitepapers/the-role-of-human-factors-in-enterprise-cyber-security,"," CSHub.com Editorial Staff ,"
"Cyber Insecurity: Managing Threats From Within,","https://www.cshub.com/threat-defense/whitepapers/cyber-insecurity-managing-threats-from-within,"," CSHub.com Editorial Staff ,"
"Facing The InfoSec Challenges Of Visibility And Fragmentation,","https://www.cshub.com/security-strategy/whitepapers/building-a-business-case-for-cyber-security-asset-management,"," CSHub.com Editorial Staff ,"
"The Ransomware Survival Guide,","https://www.cshub.com/security-strategy/whitepapers/the-ransomware-survival-guide,"," CSHub.com Editorial Staff ,"
"Autonomous Response: The Future Of Cyber Security,","https://www.cshub.com/threat-defense/whitepapers/seven-case-studies-for-autonomous-threat-response,"," CSHub.com Editorial Staff ,"
"5 Step Guide To Building Your Email Security Strategy,","https://www.cshub.com/threat-defense/whitepapers/5-step-guide-to-building-your-email-security-strategy,"," CSHub.com Editorial Staff ,"
"Ascena Retail Group: A Case For Community And Finding Strength In Numbers,","https://www.cshub.com/case-studies/case-studies/ascena-retail-group-a-case-for-community-and-finding-strength-in-numbers,"," Jeff Orr ,"
"Ransomware Aftershock: The Road To Recovery After A Cyber Data Hijack,","https://www.cshub.com/case-studies/articles/ransomware-aftershock-the-road-to-recovery-after-a-cyber-data-hijack,"," Jeff Orr ,"
"Allegiant Travel Company Boosts PCI Compliance,","https://www.cshub.com/case-studies/articles/allegiant-travel-company-boosts-pci-compliance,"," CSHub.com Editorial Staff ,"
"Case Studies: Cyber Security Protects Sensitive Data,","https://www.cshub.com/case-studies/whitepapers/case-studies-cyber-security-protects-sensitive,"," Cyber Security Hub Editor ,"
"What Is Ransomware, And How Can It Crush Your Enterprise?,","https://www.cshub.com/case-studies/news/what-is-ransomware-and-how-can-it-crush-your,"," Cyber Security Hub Editor ,"
"5 Undeniable Reasons To Prioritize Enterprise IoT Security,","https://www.cshub.com/iot/articles/5-undeniable-reasons-to-prioritize-enterprise-iot-security,"," Jeff Orr ,"
"IoT Device Deployments Are Outpacing IoT Security Measures,","https://www.cshub.com/iot/articles/iot-device-deployments-are-outpacing-iot-security-measures,"," Amine Amhoume ,"
"NIST Releases IoT Cyber Security And Privacy Risks Report,","https://www.cshub.com/iot/articles/nist-releases-iot-cyber-security-and-privacy-risks-report,"," Alarice Rajagopal ,"
"The Ethics Of The IoT: Are Engineers Failing To Speak Up?,","https://www.cshub.com/iot/articles/the-ethics-of-the-iot-are-engineers-failing-to-speak-up,"," Kayne McGladrey ,"
"Top 5 Security Initiatives Include IIoT, ML &amp; Extensive Research,","https://www.cshub.com/security-strategy/news/top-5-security-initiatives-include-iiot-ml-extensive-research,"," Dan Gunderman ,"
"Industrial IoT Concerns Worsen As More Devices Connect To The Web,","https://www.cshub.com/iot/news/industrial-iot-concerns-worsen-as-more-devices-connect-to-the-web,"," Dan Gunderman ,"
"IoT Spending Predicted To Rise While Industry Calls For Regulations,","https://www.cshub.com/iot/news/iot-spending-predicted-to-rise-while-industry-calls-for-regulations,"," Dan Gunderman ,"
"5 Reasons IoT Security Is Becoming A Priority,","https://www.cshub.com/iot/reports/5-reasons-iot-security-is-becoming-a-priority,"," CSHub.com Editorial Staff ,"
"‘The New Normal’: Security Concerns Around IoT Inundation,","https://www.cshub.com/iot/articles/the-new-normal-security-concerns-around-iot-inundation,"," Dan Gunderman ,"
"How Blockchain Will Enable Mobile Apps In The Enterprise,","https://www.cshub.com/mobile/articles/how-blockchain-will-enable-mobile-apps-in-the-enterprise,"," Esther Shein ,"
"IoT Devices At Forefront Of Cyber Security Efforts,","https://www.cshub.com/iot/news/iot-devices-at-forefront-of-cyber-security,"," Dan Gunderman ,"
"Balancing Security &amp; Convenience: The Importance Of IAM,","https://www.cshub.com/network/news/balancing-security-convenience-the-importance-of,"," Martijn Grooten ,"
"How to Manage Ransomware Attacks Against Your Remote Workforce,","https://www.cshub.com/network/webinars/how-to-manage-ransomware-attacks-against-your-remote-workforce,","  ,"
"Managing Security In the Ever-Changing Remote Workplace,","https://www.cshub.com/network/webinars/managing-security-in-the-ever-changing-remote-workplace,","  ,"
"Real-Time Change In Incident Management,","https://www.cshub.com/network/articles/real-time-change-in-incident-management,"," Seth Adler ,"
"Mitigating Risks From Shadow IT,","https://www.cshub.com/network/webinars/protecting-your-organization-from-third-party-shadow-it-threats,","  ,"
"Risk Management Implications From Shadow IT Behavior,","https://www.cshub.com/network/reports/risk-management-implications-from-shadow-it-behavior,"," CSHub.com Editorial Staff ,"
"Incident Of The Week: Historic Capital One Hack Reaches 100 Million Customers Af...,","https://www.cshub.com/attacks/articles/incident-of-the-week-historic-capital-one-hack-reaches-100-million-customers-affected-by-breach,"," Kayla Matthews ,"
"Matching Your Investment To Security Outcomes: Incident Detection &amp; Response Don...,","https://www.cshub.com/security-strategy/webinars/matching-your-investment-to-security-outcomes-incident-detection-response-done-right,","  ,"
"Incident Of The Week: 4 Million Bulgarian Citizens Affected By Tax Agency Data B...,","https://www.cshub.com/attacks/articles/incident-of-the-week-4-million-bulgarian-citizens-affected-by-tax-agency-data-breach,"," Jeff Orr ,"
"Commercial sector making increasing use of unidirectional networks,","https://www.cshub.com/network/news/commercial-sector-making-increasing-use-of-unidirectional-networks,"," CSHub.com Editorial Staff ,"
"Inside The Mind Of A Hacker,","https://event.on24.com/eventRegistration/EventLobbyServlet?target=reg20.jsp&referrer=&eventid=1803607&sessionid=1&key=A97B5636BEB6C3F12E47364885E49BBE&regTag=&sourcepage=register,","  ,"
"Diagnosing Disaster: How To Recover From An Attack,","https://www.cshub.com/network/reports/diagnosing-disaster-how-to-recover-from-an-attack,"," CSHub.com Editorial Staff ,"
"Inside The Mind Of A Hacker: Stolen Identity To Full-Blown Data Breach,","https://www.cshub.com/network/news/inside-the-mind-of-a-hacker-stolen-identity-to-full-blown-data-breach,"," Dan Gunderman ,"
